TrainTime	AvgFidelity	NumQubits	Iterations	EntanglementType	NumLayers	BestParameters
361.33407521247864	0.4159441855065854	4	50	linear	3	"[[[ 0.16307482 -0.90907818]
  [ 0.92765136 -1.26503957]
  [ 1.2433877  -1.57079633]]

 [[ 1.53996977 -2.22906693]
  [ 1.93446389 -2.79247784]
  [-1.75627026  2.67794504]]

 [[-0.02795951  1.70665273]
  [ 0.50298426  1.30374348]
  [-2.1854122   0.78539816]]

 [[ 2.57384148  1.72802782]
  [ 0.76283132 -0.97107311]
  [-2.78412967  3.14159265]]]"
507.6131739616394	0.49358877645395927	4	50	linear	4	"[[[-1.7783026  -0.66420696]
  [-2.29416351 -3.05031309]
  [ 0.4045744  -0.31561489]
  [-1.36689477 -1.57079633]]

 [[-2.22414382 -1.74261422]
  [ 0.18330757  0.70502057]
  [-1.97847588  1.39333344]
  [ 0.94952849  0.40489179]]

 [[ 0.95259483 -0.39045087]
  [-2.55447738 -1.97215648]
  [-0.0666451  -0.78871977]
  [ 1.3106426   0.78539816]]

 [[ 1.89584215  0.91196251]
  [ 1.74791092 -1.38097984]
  [ 0.16565757  0.3919321 ]
  [ 2.25074215 -1.57079633]]]"
669.1443209648132	0.6911392397715536	4	50	linear	5	"[[[-1.33892626 -1.38512451]
  [ 1.72408014 -2.21815524]
  [ 1.96756474 -2.63536144]
  [-1.41500075  0.14493277]
  [-1.57000745  2.35619449]]

 [[-1.50474694 -0.19223373]
  [ 1.02243995 -2.30889739]
  [-1.85812651  0.73992388]
  [ 2.54621893  2.21387296]
  [-1.04210645  3.14159265]]

 [[-1.92632745  0.4110043 ]
  [-2.77599198  3.05526452]
  [ 1.80763594  1.03457491]
  [ 2.93728897 -0.87833872]
  [-2.22489033 -2.35619449]]

 [[-0.81064318  2.0538975 ]
  [ 2.56895427  1.21754088]
  [-3.11271862 -2.8273521 ]
  [-1.82478774  2.23914607]
  [-2.07914164  0.        ]]]"
516.6348490715027	0.6484324358538595	4	50	linear	4	"[[[-0.33910239 -2.04191573]
  [ 2.54973882 -0.03467166]
  [ 0.51698292 -2.92487662]
  [-2.13706908 -1.57079633]]

 [[-2.75318071 -2.94577752]
  [-2.24303352  0.45614404]
  [ 0.89645966  2.75023466]
  [-2.16622655  2.35619449]]

 [[-0.14617697 -0.50012778]
  [ 2.92653535 -0.24528974]
  [-0.42452942 -1.30847193]
  [-1.45419761 -2.35619449]]

 [[-1.63766174 -2.52830005]
  [-0.83328882  2.25494198]
  [ 2.35375459  0.13744122]
  [-2.186878   -0.78539816]]]"
675.6991963386536	0.66964790671903	4	50	linear	5	"[[[-1.84419862 -2.31755659]
  [ 3.06622834  0.74696273]
  [-1.68896589  1.84112343]
  [ 0.61081898 -2.99087924]
  [ 0.61487298  3.14159265]]

 [[-2.68814413 -2.87756745]
  [-0.3984687  -1.80544467]
  [ 2.79743887 -2.81308209]
  [ 2.082498   -0.14079886]
  [ 2.31322509  0.        ]]

 [[ 2.01522842  1.0428939 ]
  [ 2.34754833 -2.29759616]
  [-1.15495423 -2.56545174]
  [-0.5941322   2.06567197]
  [ 2.58732565  0.78539816]]

 [[-2.06079366 -2.64595451]
  [-1.18938382  1.12601517]
  [-2.52864808 -0.76060853]
  [-3.13354789 -2.35578799]
  [-0.35945273 -1.57079633]]]"
855.5047872066498	0.7536835447300544	4	50	linear	6	"[[[-1.40055723  0.52967206]
  [-0.57542126 -0.28055509]
  [-2.6128244   0.14145739]
  [-0.81551739  3.08342922]
  [ 1.66627417  1.35000318]
  [-1.88706226  0.78539816]]

 [[-1.57854325  1.65368769]
  [-1.63236534  0.61981063]
  [-2.97576295  3.09188839]
  [-2.05145296 -1.75304356]
  [-2.78798794  1.40920098]
  [-1.80680281 -0.32175055]]

 [[ 1.00642865 -0.14688661]
  [-1.05499575  0.35273586]
  [-1.56928477 -0.95983103]
  [-0.18618459 -0.40934506]
  [ 2.84597637 -0.88927942]
  [ 2.021376    3.14159265]]

 [[-2.12912454  1.79318969]
  [-1.59984598  0.96686031]
  [ 2.16524991 -0.13775234]
  [ 0.05853557 -1.95988287]
  [-1.95063943  1.8827145 ]
  [ 0.82644331 -1.57079633]]]"
1028.7634418010712	0.805417980161161	4	50	linear	7	"[[[ 2.57221665  1.42428772]
  [ 1.97611284 -2.3401156 ]
  [ 2.23467174 -0.08465791]
  [ 1.25318657  0.62127196]
  [-1.68469016 -0.79109486]
  [ 0.48529703  2.27051455]
  [-1.107717   -1.57079633]]

 [[-2.37123927  2.78846528]
  [ 2.35652091 -0.7064455 ]
  [ 1.73076961 -2.56032847]
  [-2.97427416  1.839854  ]
  [ 2.3339906  -3.13619023]
  [-1.48821718 -0.5672826 ]
  [-0.95720373 -2.35619449]]

 [[ 0.92316386  0.20124141]
  [ 2.80365002  1.87373821]
  [-1.01221825  1.31889854]
  [-1.5612131  -1.31655628]
  [-0.28340122 -2.31642899]
  [ 2.73135666  1.56876276]
  [ 1.96093083  0.        ]]

 [[-2.5990108   0.17755682]
  [ 0.65977747  0.79271005]
  [ 0.93703704 -2.73812241]
  [-0.24438289 -2.29592303]
  [-0.45064575 -1.85209047]
  [-1.03454492 -0.79350632]
  [-0.43350629  0.78539816]]]"
77.38891696929932	0.275	4	50	ddql_bc	1	"[[[-1.22614901e+00 -1.87016256e+00  1.10714872e+00]]

 [[ 1.36082281e+00  2.32394761e+00  6.35026735e-01]]

 [[-2.96692045e+00 -6.66133815e-16  2.44485037e+00]]

 [[ 2.19959261e+00 -2.46685171e+00 -3.14159265e+00]]]"
163.49760794639587	0.46499999999999997	4	50	ddql_bc	2	"[[[ 2.19520668  1.9311543   1.11395133]
  [ 1.0664189   1.57788841 -1.10714872]]

 [[ 1.6672701  -0.48769795 -1.76284434]
  [-3.02938984 -1.90911995  2.04057883]]

 [[-2.92134393  1.39712513 -1.8705724 ]
  [ 1.39216532 -2.43068328  1.02323409]]

 [[ 0.11065722 -2.16349373  2.52134317]
  [-1.63918267  1.30454428 -2.91479381]]]"
253.0100929737091	0.47250000000000003	4	50	ddql_bc	3	"[[[ 2.1498706   1.22149369 -1.96787577]
  [-1.45080812  1.19736769 -0.31038741]
  [-1.5256657   0.14784937  0.52479577]]

 [[ 3.05201268  0.93804749  0.66320299]
  [-3.09995007  2.1064197  -0.9702552 ]
  [-3.03227412  2.78282198  0.12921945]]

 [[ 0.28190455 -1.27808325  1.66970912]
  [ 1.69515132  1.45700432  0.23949927]
  [-0.08057054 -2.57486344  2.827972  ]]

 [[-0.78539816 -1.90057884 -0.1798535 ]
  [-1.9337221  -3.11937409 -3.01723766]
  [ 0.02824108  1.67387794 -3.14159265]]]"
356.36468601226807	0.5875	4	50	ddql_bc	4	"[[[-0.2802314   3.00141381  1.90703862]
  [ 0.47004411 -1.69911955 -2.22936221]
  [-2.29377568 -1.48013644  0.15913673]
  [ 1.26091465 -0.57283135 -3.01189012]]

 [[ 1.72217177  2.03204586  2.80685582]
  [-1.13290415  2.44685438  1.73130825]
  [ 2.19672112 -0.51029679 -0.9934543 ]
  [ 1.28422187 -1.43772906  0.84502888]]

 [[-0.78539816 -2.60478977  1.01768715]
  [-2.20238034  1.00589192  1.5645071 ]
  [ 1.32268288  1.8471236   1.8635094 ]
  [ 1.86178736  2.58829833 -2.0955921 ]]

 [[ 0.74375558  0.48562209 -2.96399649]
  [ 0.25981437  0.5377168  -0.34555558]
  [-2.15746382 -0.78539816 -0.14189705]
  [-3.07887309 -2.12510382 -2.02509841]]]"
78.11222100257874	0.2625	4	50	linear	1	"[[[ 1.37874831  2.65469342 -3.14159265]]

 [[-2.27305326 -1.735945   -3.05845142]]

 [[ 0.67866249 -0.78539816  1.735945  ]]

 [[ 0.54985318  2.94419709 -2.70496549]]]"
324.9611887931824	0.4775	4	100	ddql_bc	2	"[[[ 2.06114382 -0.99079355 -1.72116775]
  [ 2.24553727  1.76112487 -2.15879893]]

 [[ 2.54521504 -0.78539816 -1.59479172]
  [-0.37796831 -1.75064983 -2.12645274]]

 [[ 0.31227217  1.67960853 -1.89254688]
  [ 1.9523347  -2.70580161  1.38105368]]

 [[-2.85013586 -1.15374708  2.9996956 ]
  [-1.44812767  2.93256971 -2.8717435 ]]]"
508.75749707221985	0.57	4	100	ddql_bc	3	"[[[ 0.80745341  1.97879852 -0.89782529]
  [ 1.44716966  1.5605926  -2.35619449]
  [ 2.00562708  2.00258221  2.91479381]]

 [[-0.717832   -1.25292172  1.70296921]
  [ 0.74432538  0.94295973 -1.17190447]
  [ 0.48562209 -1.90785181 -2.20354516]]

 [[ 0.69287954 -0.21979507  3.12464512]
  [ 2.59934834 -2.5383628  -2.01913901]
  [-1.31146458 -2.78343435  1.27835334]]

 [[-2.3267912  -2.02845598 -3.14159265]
  [-2.54981648  1.63055415 -2.15879893]
  [-1.12042227  0.38050638 -2.763826  ]]]"
1720.5240359306335	0.5725	4	100	ddql_bc	4	"[[[ 1.94856298  1.9608444   0.38050638]
  [ 0.71294457  2.05769556 -0.67712757]
  [ 1.37978366 -1.91556913  1.52880422]
  [-1.86081151  2.5175696   1.84380503]]

 [[ 2.88426894 -1.00021356 -1.36775111]
  [-1.03450051 -1.11949377  1.32095547]
  [-0.12859675 -1.69413403  1.79049302]
  [ 0.42934734 -0.25326577  1.66694564]]

 [[-2.77788201 -1.92261301  2.17353988]
  [ 1.3329604  -2.99037496  2.12160121]
  [-1.28761185 -1.69927137 -0.92639188]
  [-2.38339866  2.70918488  3.02780065]]

 [[-2.20730454  2.71224531 -0.19739556]
  [-1.09849093 -2.21429744 -0.8685394 ]
  [ 2.57967109 -2.39783707  2.64424994]
  [-0.23651454 -2.1662062  -2.50508444]]]"
328.2814269065857	0.4775	4	100	ddql_bc	2	"[[[ 2.06114382 -0.99079355 -1.72116775]
  [ 2.24553727  1.76112487 -2.15879893]]

 [[ 2.54521504 -0.78539816 -1.59479172]
  [-0.37796831 -1.75064983 -2.12645274]]

 [[ 0.31227217  1.67960853 -1.89254688]
  [ 1.9523347  -2.70580161  1.38105368]]

 [[-2.85013586 -1.15374708  2.9996956 ]
  [-1.44812767  2.93256971 -2.8717435 ]]]"
511.5950810909271	0.57	4	100	ddql_bc	3	"[[[ 0.80745341  1.97879852 -0.89782529]
  [ 1.44716966  1.5605926  -2.35619449]
  [ 2.00562708  2.00258221  2.91479381]]

 [[-0.717832   -1.25292172  1.70296921]
  [ 0.74432538  0.94295973 -1.17190447]
  [ 0.48562209 -1.90785181 -2.20354516]]

 [[ 0.69287954 -0.21979507  3.12464512]
  [ 2.59934834 -2.5383628  -2.01913901]
  [-1.31146458 -2.78343435  1.27835334]]

 [[-2.3267912  -2.02845598 -3.14159265]
  [-2.54981648  1.63055415 -2.15879893]
  [-1.12042227  0.38050638 -2.763826  ]]]"
848.2817761898041	0.5725	4	100	ddql_bc	4	"[[[ 1.94856298  1.9608444   0.38050638]
  [ 0.71294457  2.05769556 -0.67712757]
  [ 1.37978366 -1.91556913  1.52880422]
  [-1.86081151  2.5175696   1.84380503]]

 [[ 2.88426894 -1.00021356 -1.36775111]
  [-1.03450051 -1.11949377  1.32095547]
  [-0.12859675 -1.69413403  1.79049302]
  [ 0.42934734 -0.25326577  1.66694564]]

 [[-2.77788201 -1.92261301  2.17353988]
  [ 1.3329604  -2.99037496  2.12160121]
  [-1.28761185 -1.69927137 -0.92639188]
  [-2.38339866  2.70918488  3.02780065]]

 [[-2.20730454  2.71224531 -0.19739556]
  [-1.09849093 -2.21429744 -0.8685394 ]
  [ 2.57967109 -2.39783707  2.64424994]
  [-0.23651454 -2.1662062  -2.50508444]]]"
2002.7987701892853	0.605	4	100	ddql_bc	5	"[[[-0.42466028 -1.06795312  1.51666208]
  [ 0.59959629 -1.65471095 -0.06785682]
  [ 1.46351747 -0.79135047 -1.64756822]
  [-0.59289653  0.37744204  2.04783599]
  [-2.75931008 -2.07789483  2.12510382]]

 [[-2.62438327 -1.77183486 -1.59184585]
  [-1.76641884 -0.12774099  1.33043657]
  [-1.76637701 -3.01723766 -1.51871078]
  [-3.02780065  1.72147793  1.67229816]
  [-1.2349622   2.04754362  2.61351821]]

 [[-0.09360322  1.50114175  2.05769556]
  [-2.84199038 -1.31286875 -1.86015081]
  [ 2.33790385 -0.19739556  2.71142535]
  [-2.14066033 -0.94801199  2.50973827]
  [ 0.35425942 -2.2120401   1.78360492]]

 [[-0.77151017  2.6036484   3.14159265]
  [-0.45066133 -1.11444786 -1.46013911]
  [-2.87212    -2.57562505 -2.74680153]
  [-1.14646592 -2.45729786 -2.8198421 ]
  [-2.51695723  0.78539816 -2.49809154]]]"
816.1980481147766	0.4875	4	250	ddql_bc	2	"[[[ 2.24005286 -1.332187   -1.73487089]
  [ 2.30993123  1.93902501 -1.80453951]]

 [[ 2.92916063 -0.5310301  -1.37340077]
  [-0.89179102 -1.95697372 -1.95496569]]

 [[ 0.37359086  1.57919949 -1.99518919]
  [ 1.78188966  0.64595811 -1.22273606]]

 [[-2.5405189  -1.00103987  2.66207336]
  [-1.53466748  0.28255495 -2.41495031]]]"
1267.7539222240448	0.5675	4	250	ddql_bc	3	"[[[ 1.26460872 -1.37557468 -2.58628064]
  [-1.41237185  1.47916178 -1.09694499]
  [ 0.96584619  1.88901333 -2.35619449]]

 [[ 2.66248236 -1.74716248 -1.06919227]
  [-0.52644525  1.0832012   2.10070833]
  [ 2.48828794  0.73945351  2.28333101]]

 [[ 0.57750824 -2.57374861  0.34369061]
  [-2.51880832 -0.16219883 -1.85612575]
  [ 0.78539816 -1.8433442  -1.40196442]]

 [[ 0.39608144 -2.52258079  0.85670563]
  [ 1.86929526 -2.56728782  0.19739556]
  [ 3.04840539 -2.35619449 -2.88226091]]]"
1758.173182964325	0.5975	4	250	ddql_bc	4	"[[[-1.08052063e+00 -1.90268167e+00  2.51773741e+00]
  [ 1.64579987e+00  1.03436087e+00  2.73523888e+00]
  [-2.90987581e+00  8.62170055e-01 -1.23317409e+00]
  [-1.14675503e+00  2.21529048e+00 -2.44978663e-01]]

 [[-1.44644133e+00  2.90834748e+00  1.71269338e+00]
  [ 2.00674321e+00  1.73765149e+00 -1.56059260e+00]
  [-2.78964993e+00 -9.98602683e-01  4.16702261e-01]
  [-7.91808332e-01  6.86709903e-01 -2.14179902e+00]]

 [[-3.04934421e+00  8.57216876e-01 -2.34081109e+00]
  [ 1.36677835e+00 -2.03833239e-01  8.65228149e-01]
  [ 2.55177517e+00  1.98023354e+00 -1.32985533e+00]
  [ 2.08604129e+00  2.71164015e+00  1.54732646e+00]]

 [[ 2.06925574e+00  5.32132397e-01  2.15879893e+00]
  [ 7.50528582e-01  8.58809511e-02  1.55431223e-15]
  [ 1.34089190e+00  2.25860340e+00  7.85398163e-01]
  [ 1.53491430e+00  2.35619449e+00 -2.76108628e+00]]]"
29108.591830015182	0.6124999999999999	4	250	ddql_bc	5	"[[[-2.91021019  0.56524883  1.86094821]
  [ 0.47988748 -1.11427449  2.72047258]
  [-1.84642577  1.4198789  -0.89186429]
  [ 1.27019066  1.49261499  1.37340077]
  [-1.15761089  1.47584462  2.90474389]]

 [[-0.27562944 -2.54539351 -1.6202609 ]
  [-3.11486105  2.78224227 -2.13184782]
  [-2.42458083  2.24159096 -1.61663575]
  [-0.17268149 -0.29803958  2.15879893]
  [-2.41784466  0.0434509  -2.78860227]]

 [[ 1.9794148  -2.21723572  1.73263376]
  [-2.85874462  2.48497423 -1.56153733]
  [ 1.86335809  2.16007282  1.68763267]
  [ 2.76742103 -0.19739556 -0.98685324]
  [ 2.89785932  0.36397896 -3.02909889]]

 [[-1.58299084  1.45700432 -1.69515132]
  [-2.56892627  0.88298926 -0.70225693]
  [ 0.14189705 -0.96902049  2.21429744]
  [-1.36259038 -2.30361143  0.98279372]
  [-0.08314123 -0.26625205 -1.92378671]]]"
4041.647875070572	0.895	4	250	linear	8	"[[[ 1.06369782 -0.16317044 -1.16590454]
  [ 2.04268551  1.18563882 -0.32175055]
  [-0.98001852 -1.638143    2.20354516]
  [ 1.98827215  0.3175489  -3.03093543]
  [ 0.98545094 -0.03723207 -2.62244654]
  [ 1.80533696 -2.39291267  2.85554121]
  [ 1.27463434 -3.02079636 -2.85554121]
  [-0.69283641  0.88506682  0.        ]]

 [[ 2.50592743 -2.45168859  0.78539816]
  [-1.89984602 -3.13833534  2.63449415]
  [-2.22579118  0.62024949  1.76819189]
  [-0.59540988  0.93153505  0.35877067]
  [-3.06719605  2.24885008  2.25652584]
  [ 1.87403048 -0.08859271  2.11121583]
  [ 1.83704838  3.06663455  2.13752554]
  [ 0.75740548  1.64756822  1.19028995]]

 [[ 0.07152885 -1.4868817   2.55359005]
  [-2.48759162 -0.35943468  2.35619449]
  [-0.30559397  2.05583105 -1.62955215]
  [ 2.97085744 -0.26310576  1.57079633]
  [-2.8674252   2.79646506 -2.35619449]
  [ 1.75124436 -0.84496065  2.78282198]
  [-1.68738233 -2.59803345 -2.35619449]
  [-2.4298316   2.76108628  1.64756822]]

 [[ 0.31194695 -2.90347887  0.56672922]
  [ 0.34174789 -1.81263528  2.19104581]
  [-1.86084109 -0.40002169 -0.87605805]
  [-0.96124877 -1.48227091 -2.35619449]
  [-0.99945885 -2.68095708 -0.14189705]
  [-2.76108628  2.79555538 -0.56672922]
  [ 0.86483266  1.01504061  3.14159265]
  [ 0.66596924  0.8685394  -1.1978086 ]]]"
4695.969606161118	0.9425000000000001	4	250	linear	9	"[[[ 0.64466797  1.27250717  0.62024949]
  [ 2.25602833  3.1030361   2.0647377 ]
  [-2.36929418  2.08023401 -2.03444394]
  [-1.94972955 -0.81844398  2.35619449]
  [-2.20867952 -0.07304057 -2.77441882]
  [ 1.54486554  0.39224424  0.06656816]
  [ 1.08874589  0.50441611 -0.32175055]
  [-1.84650436 -2.35619449  3.14159265]
  [ 1.8705724  -0.38687572 -1.62337939]]

 [[ 0.04298426 -1.6139971   1.57079633]
  [ 2.25697387 -0.98279372 -0.07677189]
  [-2.5410815   2.55741412  0.32175055]
  [-2.37711194  2.2574179   1.71269338]
  [ 0.30373449 -0.16373824  0.05258306]
  [ 2.30384063 -2.95559556  0.22679885]
  [-0.45675117  1.32821191 -3.05845142]
  [-1.91177528 -0.82686815  1.10714872]
  [ 2.28003685  0.29145679  2.8198421 ]]

 [[ 2.61031924  0.35144479  3.01723766]
  [-0.44949154 -2.94419709  2.69921843]
  [ 2.15479575  1.14564231  0.14189705]
  [-0.25044309  3.11335158  2.90784947]
  [-3.08114764  2.41472132 -3.05093277]
  [-2.66287081  3.03405457  3.14159265]
  [ 1.8224863  -0.58871233  2.8198421 ]
  [-0.09355983  2.06661105  2.35619449]
  [-1.460761    0.14189705 -2.55359005]]

 [[ 1.68145355  0.89246381 -2.71496516]
  [-1.74648101  1.59749621  0.78539816]
  [ 0.11192224 -0.58710413 -1.89254688]
  [-2.84615182  0.64787882  2.89661399]
  [-1.61674098 -1.63513318  2.86329299]
  [-2.02028787 -2.92525199  1.51821327]
  [ 1.74347782 -2.50255082 -0.68052122]
  [ 2.03083384 -1.47862129 -3.14159265]
  [ 2.18630009  0.5880026  -2.35619449]]]"
6.282549142837524	0.22499999999999998	4	4	ddql_bc	1	"[[[-0.83663533 -1.89254688  2.92292371]]

 [[ 0.9964915   2.41019599  0.99172206]]

 [[-3.06068855 -0.10168885  1.83704838]]

 [[ 2.2706892  -0.27829966 -0.24497866]]]"
0.08068585395812988	0.46	2	1	ddql_bc	1	"[[[ 0.11379201  2.92753197  2.71496516]]

 [[ 2.59542609  1.89254688 -0.11065722]]]"
0.18035507202148438	0.601470613847333	2	1	partial	1	"[[[ 0.73954126 -1.57079633 -1.57079633]]

 [[ 0.68179537 -1.57079633 -1.57079633]]]"
0.4111180305480957	0.5442559467368374	2	1	partial	2	"[[[ 0.3761382  -0.44429748 -1.57079633]
  [-0.85048744  1.24904577 -1.57079633]]

 [[-1.12705105 -2.34587424 -1.57079633]
  [-2.87568017  2.35619449 -1.57079633]]]"
0.6534788608551025	0.8828809815176533	2	1	partial	3	"[[[-0.37686322 -1.97662107 -1.57079633]
  [ 0.80684018  1.61413353 -1.57079633]
  [-0.56928753  2.35619449 -1.57079633]]

 [[ 1.80929726 -1.22280335 -1.57079633]
  [-1.4318043  -2.89004379 -1.57079633]
  [-0.10262411 -0.32175055 -1.57079633]]]"
0.9526209831237793	0.8115180285334573	2	1	partial	4	"[[[-2.0803865   2.450126   -1.57079633]
  [ 3.05981179 -2.26706301 -1.57079633]
  [-0.01880626 -1.64257652 -1.57079633]
  [ 0.17909314 -1.57079633 -1.57079633]]

 [[-0.05705565 -0.62407293 -1.57079633]
  [-0.5924476  -1.47815156 -1.57079633]
  [ 1.68193894  2.54302122 -1.57079633]
  [ 2.82359187 -1.57079633 -1.57079633]]]"
12.62259316444397	0.21059575702992997	4	1	partial	4	"[[[ 2.22030541  0.52831401 -1.57079633]
  [ 1.04301378  2.23894933 -1.57079633]
  [-2.348741   -1.78530036 -1.57079633]
  [ 2.78784562  3.14159265 -1.57079633]]

 [[ 1.8110228   2.06398227 -1.57079633]
  [ 1.04055023 -1.49793765 -1.57079633]
  [ 2.80303531  0.19914146 -1.57079633]
  [-0.84894205 -0.78539816 -1.57079633]]

 [[-2.47624864 -2.68427109 -1.57079633]
  [ 2.111351    2.93576281 -1.57079633]
  [-1.81067246 -0.58851995 -1.57079633]
  [-2.03174459 -0.78539816 -1.57079633]]

 [[-1.98294866  0.4157911  -1.57079633]
  [ 3.05035024  0.59763291 -1.57079633]
  [ 2.69411231  2.86393209 -1.57079633]
  [-0.76393573  0.78539816 -1.57079633]]]"
758.652440071106	0.4518861295840389	4	50	partial	4	"[[[ 1.13915635  1.52515199 -1.57079633]
  [ 0.58569247  0.94082982 -1.57079633]
  [-2.04924939  0.27697387 -1.57079633]
  [ 2.59580537 -2.94419709 -1.57079633]]

 [[ 2.38065867  1.17612152 -1.57079633]
  [-2.35664628 -1.43876721 -1.57079633]
  [ 2.54594294  0.21318049 -1.57079633]
  [-0.85039797 -2.35619449 -1.57079633]]

 [[ 2.84383557  3.00758843 -1.57079633]
  [ 1.03821608 -2.83246021 -1.57079633]
  [-1.91640789 -0.52718741 -1.57079633]
  [-2.04717212 -0.78539816 -1.57079633]]

 [[-1.19149159 -0.36183911 -1.57079633]
  [ 2.38907104  1.82215389 -1.57079633]
  [ 2.08924169  3.06986357 -1.57079633]
  [-0.73738194 -0.78539816 -1.57079633]]]"
1003.5160858631134	0.5185192362745183	4	50	partial	5	"[[[ 1.09828057  0.86711236 -1.57079633]
  [ 2.33689968  2.95739219 -1.57079633]
  [ 1.28045258  0.01611071 -1.57079633]
  [ 1.27405289 -2.24271997 -1.57079633]
  [-1.38386661 -2.35619449 -1.57079633]]

 [[-1.14218667 -0.73817109 -1.57079633]
  [-0.84688392  0.53501546 -1.57079633]
  [-2.95520167 -0.90204371 -1.57079633]
  [ 2.86604599  2.16527067 -1.57079633]
  [ 1.83663426 -2.8198421  -1.57079633]]

 [[-0.50162162 -1.09040909 -1.57079633]
  [-0.24320658 -2.57281318 -1.57079633]
  [ 3.12414707  2.91701286 -1.57079633]
  [ 1.43997467  2.69698243 -1.57079633]
  [-2.62545073 -0.78539816 -1.57079633]]

 [[ 1.0446105  -2.12099862 -1.57079633]
  [-0.15058764 -0.48209532 -1.57079633]
  [ 1.10197787 -1.50335351 -1.57079633]
  [-0.13061545  0.28995975 -1.57079633]
  [-1.63351076 -2.35619449 -1.57079633]]]"
1251.618026971817	0.6059327376812784	4	50	partial	6	"[[[ 1.92034716  1.91321797 -1.57079633]
  [-1.98076723 -2.41863143 -1.57079633]
  [ 0.71501157 -2.49442376 -1.57079633]
  [ 1.19257977  1.34064438 -1.57079633]
  [ 1.87444748  0.2714687  -1.57079633]
  [-1.23153678 -2.35619449 -1.57079633]]

 [[-0.37489525  0.28182686 -1.57079633]
  [ 0.75815299 -0.16428212 -1.57079633]
  [-2.30294715 -1.23883774 -1.57079633]
  [ 1.74312373  1.09055976 -1.57079633]
  [ 0.24249886 -2.7531956  -1.57079633]
  [ 0.61891039 -1.57079633 -1.57079633]]

 [[-2.15016122 -1.35432063 -1.57079633]
  [ 0.8859676   0.9961496  -1.57079633]
  [-1.56164234  1.11707743 -1.57079633]
  [ 1.95214334 -1.64578367 -1.57079633]
  [-0.08653732 -3.01863791 -1.57079633]
  [ 0.85010461  3.14159265 -1.57079633]]

 [[-2.96931892  2.2879436  -1.57079633]
  [-0.57485171  1.03994142 -1.57079633]
  [-1.85652953 -2.71429053 -1.57079633]
  [-1.37071467 -1.25478029 -1.57079633]
  [-0.06430165  1.51319655 -1.57079633]
  [-2.03229817  0.         -1.57079633]]]"
1478.4391031265259	0.7035784957018971	4	50	partial	8	"[[[-1.51194643  3.00575422 -1.57079633]
  [-0.90419773 -2.84961641 -1.57079633]
  [-1.90563637 -1.15761054 -1.57079633]
  [-2.23820859  3.07636857 -1.57079633]
  [ 0.74104919  2.34123749 -1.57079633]
  [ 0.49149202 -2.02236516 -1.57079633]
  [-1.10935291  0.79993848 -1.57079633]
  [-1.54297677  0.32175055 -1.57079633]]

 [[ 2.96314198 -2.99406868 -1.57079633]
  [-2.55506662  2.96891537 -1.57079633]
  [-1.73844363 -0.48824689 -1.57079633]
  [-2.07709183 -0.5541359  -1.57079633]
  [-2.10083809  0.10627969 -1.57079633]
  [ 3.03113527  1.29976148 -1.57079633]
  [ 2.52598255  2.86093654 -1.57079633]
  [-0.68084135 -0.46364761 -1.57079633]]

 [[ 1.84022876  1.46359636 -1.57079633]
  [-2.06563096  1.43568692 -1.57079633]
  [ 0.58928774 -2.56280036 -1.57079633]
  [-2.49386203  0.40540829 -1.57079633]
  [-3.01788633  2.93311649 -1.57079633]
  [-1.52057957  2.76255272 -1.57079633]
  [-1.80305842 -0.34370604 -1.57079633]
  [-2.68745699 -1.57079633 -1.57079633]]

 [[-2.82213508  1.4492504  -1.57079633]
  [ 2.40845182 -2.23152044 -1.57079633]
  [-2.41262178 -3.02964366 -1.57079633]
  [ 0.89445418 -2.9338947  -1.57079633]
  [-1.41038652  2.43006653 -1.57079633]
  [ 1.56536488  2.71514466 -1.57079633]
  [-2.62346038 -2.64786097 -1.57079633]
  [ 1.15393998  0.         -1.57079633]]]"
3951.9367501735687	0.7159181445364782	4	50	partial	9	"[[[-0.18813688  1.58282044 -1.57079633]
  [ 1.59694247 -2.22352898 -1.57079633]
  [-1.05415954 -1.30290954 -1.57079633]
  [-1.12783865  1.27370147 -1.57079633]
  [-0.77507516 -2.79468764 -1.57079633]
  [-0.97885486  2.01514395 -1.57079633]
  [ 1.53684451 -1.6778081  -1.57079633]
  [ 2.22853841  0.72267022 -1.57079633]
  [ 1.55440113  2.8198421  -1.57079633]]

 [[-2.14970357  2.32952918 -1.57079633]
  [ 0.37705551  0.63641163 -1.57079633]
  [-0.88134506 -0.8983815  -1.57079633]
  [-2.09739708 -0.2246606  -1.57079633]
  [ 2.21415351  2.65346085 -1.57079633]
  [ 1.57602751 -1.83627037 -1.57079633]
  [ 1.17250951  2.69149082 -1.57079633]
  [-1.7251902  -1.89721795 -1.57079633]
  [ 0.77111122 -2.35619449 -1.57079633]]

 [[-0.37382301  1.2404418  -1.57079633]
  [ 0.90011337 -0.48129491 -1.57079633]
  [-0.41486872  2.94157411 -1.57079633]
  [ 0.95446833  1.61925871 -1.57079633]
  [-1.55385254  1.31066771 -1.57079633]
  [ 0.77332404  2.48891764 -1.57079633]
  [ 0.9320157  -2.34830096 -1.57079633]
  [-1.43258009 -0.04479817 -1.57079633]
  [-0.03428019 -0.78539816 -1.57079633]]

 [[-1.5711111  -2.8710075  -1.57079633]
  [ 1.11195354 -0.42394232 -1.57079633]
  [-0.67907818 -1.46425504 -1.57079633]
  [-1.03809841  0.7380534  -1.57079633]
  [-0.31761728  1.13914786 -1.57079633]
  [-1.9276071  -0.6584369  -1.57079633]
  [-1.25669053 -2.0421895  -1.57079633]
  [-1.75015167  0.37296201 -1.57079633]
  [-0.9561929  -1.57079633 -1.57079633]]]"
16.459787130355835	0.16070847370120017	4	5	linear	1	"[[[ 0.19110465 -1.57079633 -1.57079633]]

 [[-0.22328917 -2.35619449 -1.57079633]]

 [[ 2.10097689 -0.78539816 -1.57079633]]

 [[-2.35037525 -1.57079633 -1.57079633]]]"
3.315563917160034	0.14369843573186503	4	1	linear	1	"[[[ 1.01949109  2.67794504 -1.57079633]]

 [[-0.07285786 -0.78539816 -1.57079633]]

 [[ 2.2546752   3.14159265 -1.57079633]]

 [[-2.6691109  -1.57079633 -1.57079633]]]"
3.305739164352417	0.14369843573186503	4	1	linear	1	"[[[ 1.01949109  2.67794504 -1.57079633]]

 [[-0.07285786 -0.78539816 -1.57079633]]

 [[ 2.2546752   3.14159265 -1.57079633]]

 [[-2.6691109  -1.57079633 -1.57079633]]]"
199.20230293273926	0.5959927283162663	4	10	linear	5	"[[[ 0.16290085 -2.10327515 -1.57079633]
  [ 0.21999472  2.26679432 -1.57079633]
  [-2.9072066  -1.16493098 -1.57079633]
  [-2.71706345 -2.14447508 -1.57079633]
  [ 1.16982774  0.         -1.57079633]]

 [[ 0.52179786 -1.7338407  -1.57079633]
  [ 2.84162821 -0.00994808 -1.57079633]
  [-1.31586821 -2.77550476 -1.57079633]
  [-2.37049074 -2.72845346 -1.57079633]
  [ 2.12568203  0.         -1.57079633]]

 [[-1.69040868 -0.4967533  -1.57079633]
  [-0.50264949 -0.25433231 -1.57079633]
  [-2.12928672 -0.12739606 -1.57079633]
  [-3.06518771  2.48800418 -1.57079633]
  [ 2.29521075 -1.57079633 -1.57079633]]

 [[-0.46266408  1.57194633 -1.57079633]
  [ 2.08108781  1.49915468 -1.57079633]
  [-2.14640131  1.14929417 -1.57079633]
  [ 2.43311459  2.95360026 -1.57079633]
  [-2.76173358 -1.57079633 -1.57079633]]]"
201.36836791038513	0.5959927283162663	4	10	linear	5	"[[[ 0.16290085 -2.10327515 -1.57079633]
  [ 0.21999472  2.26679432 -1.57079633]
  [-2.9072066  -1.16493098 -1.57079633]
  [-2.71706345 -2.14447508 -1.57079633]
  [ 1.16982774  0.         -1.57079633]]

 [[ 0.52179786 -1.7338407  -1.57079633]
  [ 2.84162821 -0.00994808 -1.57079633]
  [-1.31586821 -2.77550476 -1.57079633]
  [-2.37049074 -2.72845346 -1.57079633]
  [ 2.12568203  0.         -1.57079633]]

 [[-1.69040868 -0.4967533  -1.57079633]
  [-0.50264949 -0.25433231 -1.57079633]
  [-2.12928672 -0.12739606 -1.57079633]
  [-3.06518771  2.48800418 -1.57079633]
  [ 2.29521075 -1.57079633 -1.57079633]]

 [[-0.46266408  1.57194633 -1.57079633]
  [ 2.08108781  1.49915468 -1.57079633]
  [-2.14640131  1.14929417 -1.57079633]
  [ 2.43311459  2.95360026 -1.57079633]
  [-2.76173358 -1.57079633 -1.57079633]]]"
2.551719903945923	0.14369843573186503	4	1	linear	1	"[[[ 1.01949109  2.67794504 -1.57079633]]

 [[-0.07285786 -0.78539816 -1.57079633]]

 [[ 2.2546752   3.14159265 -1.57079633]]

 [[-2.6691109  -1.57079633 -1.57079633]]]"
127.11802291870117	0.57372783636618	4	10	linear	4	"[[[ 0.13153792  0.82883492 -1.57079633]
  [-1.07288003  2.07415136 -1.57079633]
  [-0.9648267   0.87397893 -1.57079633]
  [ 2.1100507   0.78539816 -1.57079633]]

 [[ 0.97130423  1.67187296 -1.57079633]
  [ 0.20482764 -2.49854863 -1.57079633]
  [ 2.9844759   1.13950747 -1.57079633]
  [-1.14468067  2.35619449 -1.57079633]]

 [[ 2.6539342  -2.6953296  -1.57079633]
  [-2.84633121  2.70756824 -1.57079633]
  [-2.38712543  1.39193298 -1.57079633]
  [-2.05304835  2.35619449 -1.57079633]]

 [[-1.46101629  0.42952864 -1.57079633]
  [-2.64604727  0.90876847 -1.57079633]
  [ 2.67478324  2.87851906 -1.57079633]
  [-0.42193368  0.78539816 -1.57079633]]]"
204.40897583961487	0.5959927283162663	4	10	linear	5	"[[[ 0.16290085 -2.10327515 -1.57079633]
  [ 0.21999472  2.26679432 -1.57079633]
  [-2.9072066  -1.16493098 -1.57079633]
  [-2.71706345 -2.14447508 -1.57079633]
  [ 1.16982774  0.         -1.57079633]]

 [[ 0.52179786 -1.7338407  -1.57079633]
  [ 2.84162821 -0.00994808 -1.57079633]
  [-1.31586821 -2.77550476 -1.57079633]
  [-2.37049074 -2.72845346 -1.57079633]
  [ 2.12568203  0.         -1.57079633]]

 [[-1.69040868 -0.4967533  -1.57079633]
  [-0.50264949 -0.25433231 -1.57079633]
  [-2.12928672 -0.12739606 -1.57079633]
  [-3.06518771  2.48800418 -1.57079633]
  [ 2.29521075 -1.57079633 -1.57079633]]

 [[-0.46266408  1.57194633 -1.57079633]
  [ 2.08108781  1.49915468 -1.57079633]
  [-2.14640131  1.14929417 -1.57079633]
  [ 2.43311459  2.95360026 -1.57079633]
  [-2.76173358 -1.57079633 -1.57079633]]]"
12.63995909690857	0.976485777429599	2	10	linear	5	"[[[ 2.71473198 -2.30829208 -1.57079633]
  [-0.79691851 -1.02442596 -1.57079633]
  [ 0.58063887 -1.67406939 -1.57079633]
  [-0.06806999 -0.65264914 -1.57079633]
  [-2.60089977 -0.32175055 -1.57079633]]

 [[ 2.31559712 -0.67483312 -1.57079633]
  [ 2.46179296 -2.70223965 -1.57079633]
  [ 2.02320733  2.57931741 -1.57079633]
  [-0.25261019 -3.05353382 -1.57079633]
  [ 1.64172505 -1.57079633 -1.57079633]]]"
0	0.4755576890267562	2	0	linear	5	"[[[0. 0. 0.]
  [0. 0. 0.]
  [0. 0. 0.]
  [0. 0. 0.]
  [0. 0. 0.]]

 [[0. 0. 0.]
  [0. 0. 0.]
  [0. 0. 0.]
  [0. 0. 0.]
  [0. 0. 0.]]]"
1.2612810134887695	0.7178496347294587	2	1	linear	5	"[[[ 2.8183057   2.70108841 -1.57079633]
  [-1.19410157 -0.50070068 -1.57079633]
  [ 0.45193023 -1.7353567  -1.57079633]
  [ 0.1478369  -0.6614401  -1.57079633]
  [-2.62655704 -1.57079633 -1.57079633]]

 [[ 2.46334405 -0.59443771 -1.57079633]
  [ 2.53891654 -2.50933064 -1.57079633]
  [ 1.99197706  2.48807535 -1.57079633]
  [-0.22414492  3.11646722 -1.57079633]
  [ 1.64485056 -1.57079633 -1.57079633]]]"
3.768454074859619	0.7495349000413699	2	10	linear	2	"[[[ 1.73828044  1.77966769 -1.57079633]
  [-1.15155481  3.14159265 -1.57079633]]

 [[ 1.9244506  -1.29223414 -1.57079633]
  [ 0.36107337 -1.57079633 -1.57079633]]]"
17.764895915985107	0.9764862275397258	2	5	linear	10	"[[[ 2.55983373  2.95996724 -1.57079633]
  [ 0.6050976  -0.88660573 -1.57079633]
  [ 2.71770614 -1.00306688 -1.57079633]
  [-0.02828621 -1.1221633  -1.57079633]
  [-2.49945437  3.12336602 -1.57079633]
  [-2.23809875  0.04841825 -1.57079633]
  [-2.96085762 -2.60656462 -1.57079633]
  [ 0.91809452  3.01630368 -1.57079633]
  [-0.15835839 -2.95642237 -1.57079633]
  [ 1.6274413   0.         -1.57079633]]

 [[-1.98387462 -2.63389744 -1.57079633]
  [-0.29665384  2.67039477 -1.57079633]
  [-1.04658407  2.6522197  -1.57079633]
  [-2.5301415  -2.5303536  -1.57079633]
  [ 0.21628669 -2.11955923 -1.57079633]
  [ 0.41486805  0.36003116 -1.57079633]
  [ 1.02796229 -0.8417357  -1.57079633]
  [-1.00541292  0.99476039 -1.57079633]
  [ 2.64570724  2.85896186 -1.57079633]
  [ 2.79355688 -1.57079633 -1.57079633]]]"
2.242141008377075	1.0	1	5	linear	10	"[[[-0.1056825   1.74632174 -1.57079633]
  [ 3.08623492  3.00551489 -1.57079633]
  [-0.13619166  1.31454451 -1.57079633]
  [-1.74793553  2.38973426 -1.57079633]
  [ 1.39625399  1.05053951 -1.57079633]
  [-0.64480887  0.98355176 -1.57079633]
  [-1.7372762   2.05340343 -1.57079633]
  [-2.33157993  0.84745908 -1.57079633]
  [ 0.14375462 -0.58805541 -1.57079633]
  [-1.66705859  0.78539816 -1.57079633]]]"
83.47330403327942	0.572138170929382	4	5	linear	5	"[[[ 0.5221218  -2.05961107 -1.57079633]
  [ 0.20062956  2.30808554 -1.57079633]
  [-2.73464235 -1.32350501 -1.57079633]
  [-2.6897415  -2.40637884 -1.57079633]
  [ 1.13878654  0.         -1.57079633]]

 [[ 0.32106313 -1.77822094 -1.57079633]
  [ 2.84486135  0.03786103 -1.57079633]
  [-1.28299454 -2.50919308 -1.57079633]
  [-2.46861498 -2.85709923 -1.57079633]
  [ 2.17078025 -1.57079633 -1.57079633]]

 [[-1.65192354 -0.46010077 -1.57079633]
  [-0.61041022 -0.10124004 -1.57079633]
  [-2.34493119 -0.16233289 -1.57079633]
  [-2.88994525  2.47022515 -1.57079633]
  [ 2.52416718  3.14159265 -1.57079633]]

 [[-0.42125248  1.43411071 -1.57079633]
  [ 1.66890368  1.37797495 -1.57079633]
  [-1.85275885  1.25605328 -1.57079633]
  [ 2.38544272  2.86877941 -1.57079633]
  [-2.73874001 -1.57079633 -1.57079633]]]"
170.9467499256134	0.5959927283162663	4	10	linear	5	"[[[ 0.16290085 -2.10327515 -1.57079633]
  [ 0.21999472  2.26679432 -1.57079633]
  [-2.9072066  -1.16493098 -1.57079633]
  [-2.71706345 -2.14447508 -1.57079633]
  [ 1.16982774  0.         -1.57079633]]

 [[ 0.52179786 -1.7338407  -1.57079633]
  [ 2.84162821 -0.00994808 -1.57079633]
  [-1.31586821 -2.77550476 -1.57079633]
  [-2.37049074 -2.72845346 -1.57079633]
  [ 2.12568203  0.         -1.57079633]]

 [[-1.69040868 -0.4967533  -1.57079633]
  [-0.50264949 -0.25433231 -1.57079633]
  [-2.12928672 -0.12739606 -1.57079633]
  [-3.06518771  2.48800418 -1.57079633]
  [ 2.29521075 -1.57079633 -1.57079633]]

 [[-0.46266408  1.57194633 -1.57079633]
  [ 2.08108781  1.49915468 -1.57079633]
  [-2.14640131  1.14929417 -1.57079633]
  [ 2.43311459  2.95360026 -1.57079633]
  [-2.76173358 -1.57079633 -1.57079633]]]"
167.51065802574158	0.5959927283162663	4	10	linear	5	"[[[ 0.16290085 -2.10327515 -1.57079633]
  [ 0.21999472  2.26679432 -1.57079633]
  [-2.9072066  -1.16493098 -1.57079633]
  [-2.71706345 -2.14447508 -1.57079633]
  [ 1.16982774  0.         -1.57079633]]

 [[ 0.52179786 -1.7338407  -1.57079633]
  [ 2.84162821 -0.00994808 -1.57079633]
  [-1.31586821 -2.77550476 -1.57079633]
  [-2.37049074 -2.72845346 -1.57079633]
  [ 2.12568203  0.         -1.57079633]]

 [[-1.69040868 -0.4967533  -1.57079633]
  [-0.50264949 -0.25433231 -1.57079633]
  [-2.12928672 -0.12739606 -1.57079633]
  [-3.06518771  2.48800418 -1.57079633]
  [ 2.29521075 -1.57079633 -1.57079633]]

 [[-0.46266408  1.57194633 -1.57079633]
  [ 2.08108781  1.49915468 -1.57079633]
  [-2.14640131  1.14929417 -1.57079633]
  [ 2.43311459  2.95360026 -1.57079633]
  [-2.76173358 -1.57079633 -1.57079633]]]"
